meanBrightness;stdBrightness;medianBrightness;minBrightness;maxBrightness;rmsBrightness;meanLaplacian;stdLaplacian;medianLaplacian;minLaplacian;maxLaplacian;rmsLaplacian;meanFourier;stdFourier;medianFourier;minFourier;maxFourier;averageOfTop90PercentFourier;localMeanStd;localMeanMean;localMeanMin;localMeanMax;localMeanMedian;localVarStd;localVarMean;localVarMin;localVarMax;localVarMedian;mscnStd;mscnMean;mscnMin;mscnMax;mscnMedian;r;gamma;R;rho;alpha;beta;coefficient;brisque_score;alpha_grey;beta_grey;maximum_grey;clip_hist_percent_grey;max_face_proportion;horizontal_face_proportion;vertical_face_proportion;faceQScore;height;width;xt;yt;xb;yb;fileName;predict
90.81743494093614;56.66421856243907;75;0;253;107.04503797254235;22.67883471000977;45.91846408408599;1;0;255;51.21362013805936;2586.0730861418315;15853.63948729543;1108.2814584550233;7.213860377439896;2045027.0;782.3503905961005;0.18939716194589185;0.3412788422052998;0.02279836906553587;0.9378891422796274;0.3024030875473768;0.06846596034232534;0.08702236532919731;0.0016523861160387262;0.41854759811187237;0.06875850414445953;0.548655374911019;0.04240568460579495;-1.8153165855445526;2.0912570286221084;0.057539533331480555;0.4238599716980567;1.0789030104616602;0.42446791729565875;0.42446791729565875;0.7551471440727328;0.12360169270396144;3.4166055239998547;16.01774199812573;1.0759493670886076;-6.455696202531645;112.59;22518.0;0.1265654143351985;30.215827338129497;-3.0864197530864197;0.48034343;162;139;53;45;104;114;/home/edouard/Documents/4 - Dossier CAMARA images tests/dataset/NOT_OK/jack_black_question_1.jpg;NOT_OK
79.67217548076923;63.73799223132734;52;0;255;102.03032490156654;53.85997596153846;83.12962456192807;2;0;255;99.0526702839687;1962.9908259082201;5549.033250702339;1008.8191233530849;12.759023486888953;265149.0;557.4465401575792;0.14325931488478447;0.28381452089543735;0.03821021893881064;0.7148276461790293;0.2611877872442302;0.11063376408023613;0.14933833199982524;0.005064004298095674;0.4449424406308163;0.11219456512415901;0.6472256657477359;0.06993357700042323;-1.5493964972013836;2.1672642563721483;0.050371665840495586;0.4357060675061139;1.2334334563635374;0.4403125186915086;0.44031251869150834;0.7986247451204871;0.20300312479261334;2.171202787466098;27.14770150646595;1.0119047619047619;0.0;16.64;3328.0;0;0;0;0.4269024;64;52;0;0;0;0;/home/edouard/Documents/4 - Dossier CAMARA images tests/dataset/NOT_OK/jet_li_question_4.jpg;NOT_OK
99.03698052300348;61.642547033454484;117;3;255;116.6538774147067;3.5093197292751737;12.113849753525077;0;0;255;12.611926134150151;3606.6487846063783;89517.5516451634;723.8972725282395;0.27511824044799515;58414388.0;577.2903697128386;0.22504375622629366;0.3543338469176018;0.0237702387652619;0.9969166453512833;0.3794754737127143;0.037348079193959126;0.022643309859264524;4.061850605002467e-05;0.3813888919716829;0.009971152217766639;0.39163150579164946;0.008571998196850684;-1.8105997837720675;1.7961006109247795;0.003415442884119638;0.3770638554612776;0.84835591411932;0.3795511925756667;0.379551192575667;0.6480235503378654;0.0409626489808666;8.90370291264952;53.31218322789127;1.3212435233160622;-11.89119170984456;2949.12;589824.0;0.16709391276041666;-9.375;28.7109375;0.3620931;1024;576;0;0;0;0;/home/edouard/Documents/4 - Dossier CAMARA images tests/dataset/NOT_OK/photo anthropo lunettes plus flash.png;NOT_OK
135.3844926301099;80.10841287695429;108;37;255;157.30962671870037;8.526636847734695;27.29900663547705;0;0;255;28.599638095908958;4317.365659885028;92920.96972028892;540.3420768050066;0.5624051474594945;47339354.000000015;464.06025820643725;0.3058615564709187;0.5164334278817848;0.12254066720822088;1.0000110933451187;0.42154199844131485;0.07537496827816477;0.045070282302305135;1.8250120749944284e-08;0.4889940357534494;0.013777763762870513;0.4329550368497169;0.012560039404996238;-1.897926679542748;2.0825610977096667;0.045902464690168385;0.3609390767492697;1.05994940578113;0.3612439976837685;0.36124399768376797;0.6099433997963274;0.04276964000546236;7.93546044362489;45.656828257420756;1.2142857142857142;-53.42857142857142;1748.33;349666.0;0.032087763751694476;36.768802228412255;-16.632443531827516;0.4715764;487;718;452;156;513;240;/home/edouard/Documents/4 - Dossier CAMARA images tests/dataset/NOT_OK/photo question 21 ensemble.png;NOT_OK
98.46200209643605;46.38910321217888;97;0;255;108.84261460323692;28.627292976939202;55.280832407970735;1;0;255;62.253452393466986;2733.4402452707573;13166.493778737531;1434.4456941089745;6.945349096681961;1502924.0;1177.679840447978;0.15241266992726;0.36208808329170417;0.03988616350298186;0.9757531292544783;0.3457639806340884;0.0797712625524776;0.0822767484726786;0.004014970951134049;0.48497654782839916;0.051512066912649125;0.5752725041599882;0.028094998309476482;-1.655068638975486;1.7923180686448272;0.02022670186159098;0.38577480203904524;1.0352691110153032;0.3858905432369838;0.3858905432369844;0.6618911286108977;0.09272753528965175;4.025387555592463;10.757233130267394;1.0159362549800797;0.0;76.32;15264.0;0.1558569182389937;-16.037735849056602;-3.4722222222222223;0.39752328;144;106;0;0;0;0;/home/edouard/Documents/4 - Dossier CAMARA images tests/dataset/NOT_OK/jack_black_question_4.jpg;NOT_OK
152.30172284644195;56.005075563889235;168;1;255;162.2725585886639;10.099435081148565;20.733999825034655;0;0;255;23.062899594432427;4640.837299127481;91735.26164547101;590.7825724609675;0.3005054253430302;48797472.0;464.02663944411796;0.2187213169211928;0.5759148634356414;0.012969972102904884;0.9235169885767692;0.6070062456730381;0.045649824106332476;0.05515103912039104;0.0033695496735148076;0.4034867130493114;0.04251563329848154;0.6154743732201584;0.01521687876151813;-2.0384805973254005;2.0605339752376137;0.023536528293010006;0.46545600286811745;0.956818091295638;0.46568233539971055;0.4656823353997107;0.8760443405461787;0.20084034236361362;2.330313893438208;50.114690506690266;1.2142857142857142;-21.857142857142854;1602.0;320400.0;0;0;0;0.37867883;600;534;187;39;422;322;/home/edouard/Documents/4 - Dossier CAMARA images tests/dataset/NOT_OK/photo question 25 SDF DCD ensemble.png;NOT_OK
99.22466396894377;44.318412952070375;86;0;255;108.6722396306437;14.368418690582155;34.13474540266226;0;0;255;37.03555453037585;3465.5521976598625;39583.56026136728;1190.774965189753;2.133641531625171;13265643.0;935.6794492285059;0.1578864361644971;0.39154457856398917;0.11117666522431216;0.9918018836013408;0.3439900002227035;0.06550273370704393;0.045556414009585045;0.0009475136635574946;0.43271699376826683;0.011870601847737914;0.5649440919323371;0.016594281760711187;-2.287940023886626;2.0879214653554428;0.02277122272349119;0.4395044912813065;1.2500174093158247;0.44473419854495627;0.4447341985449551;0.8113865469937172;0.1500043198722839;2.971389726606714;15.795090708017682;1.3076923076923077;-74.53846153846153;668.465;133693.0;0;0;0;0.33661976;269;497;81;4;100;27;/home/edouard/Documents/4 - Dossier CAMARA images tests/dataset/NOT_OK/photo question 12.png;NOT_OK
167.68839823952723;56.89949616315043;180;15;255;177.07894162705696;4.167817362705891;12.414337067589479;0;0;255;13.095284128135548;19671.007515688467;711661.2954856522;4384.055588856527;2.5217056015737085;2710488439.0;3248.429357290652;0.215875396731959;0.667158582589663;0.07076688628734693;0.9996828709050904;0.7219815413010922;0.03831579202436336;0.020934500052796276;0.0001607918555559355;0.4696308215012053;0.006254073297610669;0.3663362687555179;0.00750570932721495;-2.2744341144650737;1.9675758440681657;0.01781552024962363;0.36682120809919916;1.0424761581205864;0.36697964905699365;0.3669796490569933;0.6215736921746502;0.03180671728774564;10.92306435770144;30.534297781248455;1.1538461538461537;-38.07692307692307;80819.2;16163840.0;0.052974911902122265;44.622564935064936;81.5548780487805;0.59629804;3280;4928;2519;1221;2599;1332;/home/edouard/Documents/4 - Dossier CAMARA images tests/dataset/NOT_OK/photo question 28 Profil  ensemble.JPG;NOT_OK
38.81922652970285;34.32461496816871;31;0;222;51.81806191934833;13.981472360984075;29.252837409747908;0;0;255;32.42236983784665;2138.8228574505897;10484.078776146564;801.0658272711664;7.588191050006604;1655212.9999999998;422.7505887047202;0.11379071254184206;0.13847641197636917;-6.250935779398178e-06;0.5164405341775321;0.11201403862268623;0.042429886165687006;0.050421450360113446;4.328771721973135e-07;0.25786457501365767;0.040031311885693414;0.5561708357487243;0.006285158747430511;-1.9598023451480713;2.1094300270051134;-0.022904617925659183;0.417694597008569;1.125422876076752;0.4191340161915678;0.4191340161915678;0.7412492429931515;0.12080689729760348;3.442270536131347;16.333322150664316;1.7708333333333333;0.0;213.195;42639.0;0;0;0;0.25834596;233;183;26;42;129;171;/home/edouard/Documents/4 - Dossier CAMARA images tests/dataset/NOT_OK/kevin_hart_question_2.jpg;NOT_OK
116.08246612689695;55.91648811694004;111;1;253;128.84794366009135;8.542048217856399;24.64183765745886;0;0;255;26.080390159902542;4612.937719879696;64844.096983399424;1194.1850263409858;1.5607669387896743;29549139.999999996;700.0200062437096;0.2253751124857106;0.4582520564782293;0.007718641083340846;0.9840695616153314;0.4193003577365132;0.05808717469438328;0.044541814539081785;2.9426245235756208e-05;0.45234387230696466;0.018253806930250388;0.4435481047614134;0.014770988036014667;-2.2889485202306408;1.9810222581603478;0.0227340482467109;0.32911456591252464;1.0481766508868564;0.32929635370307947;0.32929635370307925;0.549618330013903;0.0326685006852814;8.980623206423658;26.122287566380436;1.1643835616438356;-2.328767123287671;1272.765;254553.0;0.24175319088755584;-2.4922118380062304;-9.331651954602775;0.21995205;793;321;41;207;273;527;/home/edouard/Documents/4 - Dossier CAMARA images tests/dataset/NOT_OK/D-2 photo question recadrée.png;NOT_OK
140.27567988204456;65.61062676192968;117;60;255;154.86129506904908;7.689097313237221;37.30128337965404;0;0;255;38.08553477715242;1559.9000969021722;41883.191911406226;93.3084278787766;0.23133241041744548;10274913.0;94.38177239903415;0.23811290434913576;0.539435524251456;0.24967487624399162;0.9994737694838524;0.4655001888523681;0.09346194125006346;0.04422847304432099;3.809625753386441e-05;0.49756008947366115;0.009865889901127616;0.3402357571585935;0.017608497359700007;-1.47104926862094;1.3215608553657636;0.002112000352331646;0.330868767788689;0.9854670499949776;0.33088649205065773;0.33088649205065723;0.552456702207479;0.016851900425370752;17.547884483520185;68.83771808665935;1.3421052631578947;-85.89473684210526;366.24;73248.0;0;0;0;0.4433857;336;218;0;0;0;0;/home/edouard/Documents/4 - Dossier CAMARA images tests/dataset/NOT_OK/i1.png;NOT_OK
131.88538647342995;64.65297455715431;105;0;255;146.88009492213035;17.303498102139407;48.00828696702199;0;0;255;51.031428199479926;6945.237478823208;70380.5706453333;3033.9862877259416;2.8743990199613227;30576308.0;2952.291822065766;0.24235847399877783;0.5153003846401767;-4.758622946193891e-06;1.000677029261451;0.4415671627504747;0.06725138683858194;0.06296458270825887;0.0;0.4700829880640348;0.03766502529405176;0.4901018745174572;0.010145134212274398;-2.320339762840384;2.449826614903025;0.010185834561376197;0.36173225392830916;1.7098622517749114;0.38197738859331043;0.3819773885933102;0.6532874289259966;0.07040609890462078;5.226878548430991;52.40323813061454;1.0039370078740157;0.0;1159.2;231840.0;0.0872196342305038;10.093167701863354;74.16666666666667;0.5208313;360;644;169;297;223;359;/home/edouard/Documents/4 - Dossier CAMARA images tests/dataset/NOT_OK/photo question 14.png;NOT_OK
119.78441764132553;62.51345374399789;117;3;254;135.1156490147402;16.31779970760234;33.0842420358188;1;0;255;36.88953318194832;1766.7568608070583;17221.29446919688;206.92727221093216;0.5880776019674213;1966381.0;227.42431258651064;0.21660167658889265;0.45002981975671624;0.07007516706028954;0.8969295319844766;0.447583177372162;0.0762217502906588;0.1071207330129451;0.0026452635869898228;0.39883757072689013;0.09202110337808264;0.5330333237921226;0.054448281414426376;-1.5395629868815812;1.9621413689758784;0.08124817277618235;0.4842325750255705;0.9988786039548582;0.4842327274304224;0.48423272743042234;0.9399112705694735;0.1720705998251421;2.8246200627225853;46.36515336267698;1.1486486486486487;-21.824324324324326;82.08;16416.0;0.25;24.074074074074073;22.36842105263158;0.4528553;152;108;34;57;89;128;/home/edouard/Documents/4 - Dossier CAMARA images tests/dataset/NOT_OK/photo question 11.png;NOT_OK
123.8607489390432;59.699054098382156;149;0;255;137.49713519918242;5.884185474537037;13.706807085232214;0;0;255;14.91644056638596;7000.217651454645;197872.088344547;2184.6199950926516;1.0160231577112886;256837649.0;1347.1572367014376;0.2262305814216695;0.4522590834267376;0.02019529354095336;0.9980415674792391;0.5425816297482575;0.03167644750305822;0.021851449609035564;0.0013430079036976764;0.46818514869420974;0.010765571986129398;0.5457622145344125;0.007929167214764188;-2.149763150835479;2.3178168736371747;0.014513156985183157;0.411349112627641;1.2519441531351982;0.41630851265382834;0.4163085126538283;0.7340282526517771;0.11013836560906999;3.744276952820527;29.82404354659124;1.191588785046729;-15.490654205607477;10368.0;2073600.0;0.0673533950617284;78.51851851851852;35.729166666666664;0.46046364;1920;1080;201;641;780;1309;/home/edouard/Documents/4 - Dossier CAMARA images tests/dataset/NOT_OK/C-1 photo question de base.jpg;NOT_OK
57.37607518317936;28.914905252329124;58;7;249;64.25018092719289;7.189391525963683;18.93481751837111;0;0;255;20.253756811209414;984.8317908400171;8762.33264283837;236.97474173985168;1.9449567400249126;1080621.0;209.03814461647465;0.11694269324773589;0.21348738690751978;0.022283981213158933;0.7696664875355511;0.19865725723983135;0.04264540687025154;0.03843975035718884;0.00022201930981859363;0.40887981677922697;0.023047562646076138;0.4407215175223189;0.03511777016162127;-1.4810163794516045;2.078354173953947;0.027535097318532833;0.3551830205118842;0.8798619740632357;0.35661601191187875;0.3566160119118665;0.6007481285244206;0.040448336952117685;8.229237748761689;30.489381735022647;1.6139240506329113;-22.594936708860757;94.17;18834.0;0.13496867367526813;-30.232558139534884;-1.36986301369863;0.47360465;146;129;23;30;79;107;/home/edouard/Documents/4 - Dossier CAMARA images tests/dataset/NOT_OK/jack_black_question_2.jpg;NOT_OK
118.96163522012579;68.19430685704194;98;32;250;137.12160348376426;14.968823000898473;35.72397447574016;0;0;255;38.73329335824106;1469.104658101339;14391.376254672272;177.93770546704476;0.8760224834212373;1324043.0;204.10448939996942;0.24495674253650254;0.4597813524673163;0.08489432686277767;0.9452338933520175;0.4203901255510025;0.08976920766195193;0.09421076115044405;0.003755016140038326;0.44171818143022096;0.07293196391571809;0.5069095184359625;0.06973768866449223;-1.5825316923013864;2.208014090744167;0.09489337840613536;0.4434310856994449;1.1277294965539209;0.44501190888100506;0.44501190888100395;0.8121977675954002;0.12350476350488877;3.6114393435409085;37.875420762825996;1.275;-53.55;55.65;11130.0;0.18867924528301888;1.8867924528301887;27.61904761904762;0.4542606;105;106;37;52;68;87;/home/edouard/Documents/4 - Dossier CAMARA images tests/dataset/NOT_OK/photo question 15 bis.png;NOT_OK
124.03641394412878;44.522809770529314;141;0;255;131.78509996954133;11.191236091382576;34.169207988178364;0;0;255;35.955229658457974;5745.905430243185;83722.75251558982;2410.565935908268;6.623334450402178;50297262.0;1597.5229145835312;0.16508852195214702;0.48358262455642675;0.03902599320997672;0.8743434576641539;0.523974108400113;0.048672276755778114;0.030485700283172372;3.725290298461914e-09;0.4526820657954057;0.01055161859884387;0.5102744943703634;0.009543198200602681;-2.3109432623037915;2.5093501986475224;0.0074706912076385355;0.3177769142984223;1.3758612342181558;0.3251569241625194;0.32515692416251923;0.5423036684526326;0.039242632668876315;7.321081433881506;12.508886913722762;1.2028301886792452;-9.622641509433961;2027.52;405504.0;0;0;0;0.42641157;576;704;430;57;517;146;/home/edouard/Documents/4 - Dossier CAMARA images tests/dataset/NOT_OK/photo question 9 bis.jpg;NOT_OK
97.70299145299145;35.28382895241298;88;12;244;103.87888680769763;14.332541943653055;35.04902578548533;0;0;255;37.8662906432382;1284.4031176022447;11606.16860257913;448.2237354935661;1.525081849784675;1234575.0;256.41454570790694;0.1129609901237612;0.37285124580615436;0.1461357500028598;0.693535601928101;0.34088102440831025;0.06243428492505115;0.06167317942186155;0.001949563634266312;0.33371608152528304;0.043281660273338116;0.4687429189486872;0.06875166587778428;-1.700984318014167;2.02248575742434;0.0646632758382461;0.3427883218018214;1.4167286449977186;0.3521148040313322;0.352114804031326;0.5919610614483999;0.04631309495658597;7.048835985967884;11.851411758171679;1.7465753424657535;-87.32876712328768;63.18;12636.0;0.09892371003482114;-19.65811965811966;-7.407407407407407;0.48137406;108;117;0;0;0;0;/home/edouard/Documents/4 - Dossier CAMARA images tests/dataset/NOT_OK/photo question 13 bis.png;NOT_OK
81.25582523148148;64.40394980586206;78;0;255;103.6840290722012;3.0135578703703705;13.870459906042722;0;0;255;14.194054707630581;7332.566221291545;166766.94201672677;2349.6789533909705;1.6583236521668547;210615099.0;1807.2585779644103;0.25420938300035595;0.31556006376042717;-0.001117488424033403;1.0000029468835663;0.2855210680755371;0.03930872040393179;0.014443934373402583;0.0;0.5109609405900155;0.0066549740292127756;0.38312833741019653;0.0025948656486149287;-2.2117808305768265;2.3169699804744037;0.0;0.29227181103640865;1.3930034035746266;0.2995446107516612;0.29954461075166117;0.49926603523676827;0.015917402561669885;15.663498240195926;60.16933535228165;1.058091286307054;0.0;12960.0;2592000.0;0.1474814814814815;11.851851851851851;-25.833333333333332;0.46596575;2400;1080;357;1055;799;1644;/home/edouard/Documents/4 - Dossier CAMARA images tests/dataset/NOT_OK/photo question 19 brut.jpg;NOT_OK
116.08246612689695;55.91648811694004;111;1;253;128.84794366009135;8.542048217856399;24.64183765745886;0;0;255;26.080390159902542;4612.937719879696;64844.096983399424;1194.1850263409858;1.5607669387896743;29549139.999999996;700.0200062437096;0.2253751124857106;0.4582520564782293;0.007718641083340846;0.9840695616153314;0.4193003577365132;0.05808717469438328;0.044541814539081785;2.9426245235756208e-05;0.45234387230696466;0.018253806930250388;0.4435481047614134;0.014770988036014667;-2.2889485202306408;1.9810222581603478;0.0227340482467109;0.32911456591252464;1.0481766508868564;0.32929635370307947;0.32929635370307925;0.549618330013903;0.0326685006852814;8.980623206423658;26.122287566380436;1.1643835616438356;-2.328767123287671;1272.765;254553.0;0.24175319088755584;-2.4922118380062304;-9.331651954602775;0.21995205;793;321;41;207;273;527;/home/edouard/Documents/4 - Dossier CAMARA images tests/dataset/NOT_OK/photo masque + main.png;NOT_OK
95.93131695022055;81.09923174580031;67;0;253;125.61808373623082;34.6028670447385;64.54601996818569;0;0;255;73.23624172122211;2066.4706700148304;9792.88123944983;745.1169101297041;13.471643973244051;608972.0;502.6618687771067;0.2676318985602919;0.35138684442313234;0.021759006972083234;0.8948819269346998;0.26465111492339;0.10778930171373997;0.1462094579230197;0.00046930524479682294;0.42936603229732373;0.11700629563048137;0.5566462147930398;0.07583767097891866;-1.7251176586794814;1.880931708458298;0.08853721815132544;0.3982441078226394;1.1905964686230295;0.401191266469854;0.401191266469854;0.6969550583152972;0.10955325657065806;3.5905247178866166;5.599047621511062;1.103896103896104;-2.207792207792208;31.74;6348.0;0;0;0;0.48174065;92;69;22;42;49;75;/home/edouard/Documents/4 - Dossier CAMARA images tests/dataset/NOT_OK/jet_li_question_2.jpg;NOT_OK
56.17747090359237;50.89427738653626;35;0;252;75.80326976998857;9.66796159045088;30.010457139732058;0;0;255;31.529304132031335;8347.995713036395;62795.12934595425;2873.0516145192087;4.192662903444123;39232548.0;1742.4534736385908;0.18229534428880736;0.2188240031286518;0.004318212286053556;0.939225211445907;0.14195297714281696;0.049940629849404734;0.03673654553605257;4.6244362687056985e-07;0.36622082349417506;0.013779806466655702;0.47826348907032856;0.0020471826826100508;-2.3014732512600298;2.452906097376624;-0.0033145093591506313;0.3493187206728519;1.0944364928260693;0.35002458177787704;0.35002458177787243;0.5879316593886126;0.04677697045097341;6.915026747869277;25.975842581986484;1.2200956937799043;-7.320574162679426;3491.84;698368.0;0.0596161336143695;57.12890625;62.6099706744868;0.46147043;682;1024;739;87;872;291;/home/edouard/Documents/4 - Dossier CAMARA images tests/dataset/NOT_OK/photo question 26 discothèque ensemble.jpg;NOT_OK
106.97763099219621;49.465999450472836;118;4;231;117.8605049808318;8.623433667781494;21.068095081197868;0;0;255;22.764626914865552;2831.4029425541107;49840.207186335974;698.0124811840662;1.5558170390682053;19191787.0;514.9862443990405;0.18015032168169007;0.3749955414636191;0.025072005496626363;0.7964372394235651;0.40158182695296746;0.048859692196844995;0.0394269585905751;0.0031900016353829837;0.38959679551280385;0.020891495737770063;0.5140298501375787;0.022226992542309715;-2.191789084459585;2.001740882324863;0.031300026416679186;0.3883848273887345;1.0852729222252377;0.38903104772658686;0.3890310477265868;0.6688999872039582;0.07748249167815768;4.871435322973032;22.486057274270905;1.3783783783783783;-15.162162162162161;897.0;179400.0;0.017324414715719064;-85.61872909698997;-16.666666666666668;0.26721564;300;598;0;0;0;0;/home/edouard/Documents/4 - Dossier CAMARA images tests/dataset/NOT_OK/photo question 24 anthropo masque cadre serré.png;NOT_OK
127.09245495495496;42.377462582889336;118;18;255;133.97142024118966;16.987262262262263;43.84021372840282;0;0;255;47.01628886799679;5186.183434318078;53310.096580156416;2700.5471090078618;5.483611524497509;20314458.0;1836.846315449188;0.13643220598290975;0.4911481259529872;0.19723762986672638;0.9584583214003207;0.4594627463309767;0.059392112593445755;0.050554718067491684;0.0018151648441420984;0.4537982133030462;0.02517366028970989;0.5431266899307619;0.016578734878516032;-2.1410152251255385;2.5641357935468316;0.023524373090712463;0.3429635649442418;1.0072126492095066;0.34296799321342314;0.3429679932134219;0.5745600225899827;0.054867360009118495;5.710264703646809;13.086805768796665;1.3783783783783783;-74.43243243243242;799.2;159840.0;0.026276276276276277;3.3033033033033035;-35.416666666666664;0.34532136;480;333;66;50;106;103;/home/edouard/Documents/4 - Dossier CAMARA images tests/dataset/NOT_OK/photo question 11 bis.png;NOT_OK
124.49708017676768;44.36500802639062;137;0;254;132.16571760378037;10.94058258364899;34.85162482625781;0;0;255;36.5285107867796;5813.866280181514;83961.0169476059;2518.5187492815157;5.73365119119901;50484064.0;1681.7618126950626;0.16492638891984854;0.4850465500651116;0.04030295219637893;0.8430893292907705;0.5242954560872674;0.04947900445503409;0.030296862266529823;3.725290298461914e-09;0.4326912726375964;0.009332295692515116;0.4828496899858089;0.010259081851645199;-2.3138376503761617;2.1649316538153607;0.010035600635567516;0.29373731907216144;1.4407116502718633;0.3024263514540243;0.30242635145402413;0.5039287290524389;0.02646597933535205;9.582524969089455;11.392182797724189;1.2028301886792452;-9.622641509433961;2027.52;405504.0;0.024601483585858584;53.40909090909091;-30.208333333333332;0.41940218;576;704;378;3;481;140;/home/edouard/Documents/4 - Dossier CAMARA images tests/dataset/NOT_OK/photo question 9.jpg;NOT_OK
99.70575102880659;69.30535157252922;101;0;255;121.42680323886586;13.150395518975765;36.21960417877153;0;0;255;38.53300700921721;11528.434144120103;112984.76131401384;5611.4230270691405;11.475663196729691;87222591.0;3984.749316228647;0.27030378942427824;0.39671258756366806;0.0033804822237341347;0.9935489861920704;0.39424344024179614;0.0567581230362001;0.04408671967352031;1.8406878575731415e-10;0.46661944517864234;0.021766805572463882;0.521229376868398;0.0024994449511573378;-2.3408182839262675;2.4930968319798077;-0.004274181817984826;0.33943597505459555;1.0747107444040127;0.33987442473184826;0.33987442473184754;0.5688074933253284;0.04943109320592416;6.247590855024036;22.115451746298817;1.0897435897435896;-1.0897435897435896;4374.0;874800.0;0.07217078189300412;59.382716049382715;12.314814814814815;0.47221577;1080;810;286;282;433;482;/home/edouard/Documents/4 - Dossier CAMARA images tests/dataset/NOT_OK/D-1 Photo question de base.jpg;NOT_OK
116.80722891566265;55.059556839683566;136;0;255;129.1335879093366;27.81871174016454;59.607029425104265;0;0;255;65.7790139768575;5354.988039643375;41012.54207063098;2608.3506954322756;9.640117702819786;11983020.0;2016.261133750306;0.1905879040541415;0.4506257080155776;0.06717198633030873;0.881511600690367;0.5096335894649603;0.07819364897365813;0.077419378107509;0.0018653665332735434;0.43729061115995344;0.04772115676688315;0.5588665082334547;0.02004263419014093;-2.1891343322014536;2.354203710467147;0.025904841892002144;0.3821620294104514;1.4145892006308372;0.3924792741368802;0.3924792741368804;0.6767050489606821;0.09636499637387672;3.9642097438892834;9.97933066547634;1.0991379310344827;-16.48706896551724;512.94;102588.0;0;0;0;0.42390302;412;249;100;45;142;97;/home/edouard/Documents/4 - Dossier CAMARA images tests/dataset/NOT_OK/photo question 11 ter.png;NOT_OK
152.30172284644195;56.005075563889235;168;1;255;162.2725585886639;10.099435081148565;20.733999825034655;0;0;255;23.062899594432427;4640.837299127481;91735.26164547101;590.7825724609675;0.3005054253430302;48797472.0;464.02663944411796;0.2187213169211928;0.5759148634356414;0.012969972102904884;0.9235169885767692;0.6070062456730381;0.045649824106332476;0.05515103912039104;0.0033695496735148076;0.4034867130493114;0.04251563329848154;0.6154743732201584;0.01521687876151813;-2.0384805973254005;2.0605339752376137;0.023536528293010006;0.46545600286811745;0.956818091295638;0.46568233539971055;0.4656823353997107;0.8760443405461787;0.20084034236361362;2.330313893438208;50.114690506690266;1.2142857142857142;-21.857142857142854;1602.0;320400.0;0;0;0;0.37867883;600;534;187;39;422;322;/home/edouard/Documents/4 - Dossier CAMARA images tests/dataset/NOT_OK/E-1 photo question.png;NOT_OK
108.89742390948618;50.74419429701597;92;42;255;120.14001077482739;10.566073682734116;27.636941261561592;0;0;255;29.587876492982257;2873.5492809539924;35023.21650748156;667.6386774540468;1.3580826190141848;9316828.0;403.46037991600343;0.19025077094245632;0.43270167370219126;0.12915167606399156;1.0000024119004272;0.3691830291212493;0.0590130215481496;0.05019128419061658;3.0939486636911076e-05;0.4184353947930478;0.022649508099144185;0.5351214661622431;0.021254388727717365;-2.2705447372606766;2.423294254693224;0.021920949353300655;0.4192895354558601;1.1723426932741863;0.4218792458578555;0.42187924585785525;0.7483580143764587;0.10970350744687288;3.8210535901937046;41.32663883539519;1.2439024390243902;-60.951219512195124;427.78;85556.0;0;0;0;0.4937557;293;292;0;0;0;0;/home/edouard/Documents/4 - Dossier CAMARA images tests/dataset/NOT_OK/photo question 15 profil.png;NOT_OK
85.93766018392884;71.31747597460823;68;0;255;111.67570826852744;37.92401628222524;68.26164036952176;0;0;255;78.08894004218784;3024.7590089345936;12501.890734519682;1652.910632643295;30.884854258733128;1140049.0;1116.9944222496767;0.23447094987871783;0.32000419674942987;-0.00019183788564428362;0.95833540216711;0.2707921698946122;0.07552504205368986;0.11351923911003267;5.8067717695747604e-05;0.42468824542852773;0.09760693224350381;0.5969719554556887;0.013757811144421006;-2.1302617494006517;1.9585731938641404;-0.02378334530619245;0.4095219267985239;1.0506798929478918;0.40977159148236547;0.4097715914823656;0.7176823370150455;0.1316612672006838;3.0704711793397066;7.660018173540465;1.0159362549800797;0.0;66.33;13266.0;0.15339966832504145;24.242424242424242;-3.7313432835820897;0.33632162;134;99;30;31;76;95;/home/edouard/Documents/4 - Dossier CAMARA images tests/dataset/NOT_OK/jack_black_question_3.jpg;NOT_OK
113.95329895219385;53.00129698562883;128;4;231;125.67613864312862;7.54644011951539;19.02417131267215;0;0;255;20.46626132471022;2806.5991463294204;55491.0010292824;647.5639029557572;0.7239319367686998;22272856.0;465.32819956967546;0.2008976604980221;0.40791929598135573;0.03399190268316396;0.7770070264804546;0.4316793206246715;0.04635063856662096;0.03339060013690956;0.001974344810783388;0.3874834483541526;0.016292611934899233;0.504615630898613;0.020615418121898512;-2.0883721550054855;2.22283988707644;0.028272587039980458;0.3954942532769269;1.0274261360124632;0.3955665870189347;0.395566587018935;0.6837927649427582;0.07856337025208023;4.913999311491805;31.69256011921172;1.4325842696629214;-15.758426966292136;977.28;195456.0;0.04747871643745907;-76.82291666666667;31.43418467583497;0.38568008;509;384;0;0;0;0;/home/edouard/Documents/4 - Dossier CAMARA images tests/dataset/NOT_OK/photo question 24 anthropo masque cadre incomplet.png;NOT_OK
54.18847072879331;40.12648042122138;52;0;255;67.42792293197198;34.84767025089606;65.78221170113315;1;0;255;74.44232329936973;1249.7221044981338;3695.9382653838734;606.6109720533698;3.9882125017253918;181423.0;434.0252803483004;0.08610488245892575;0.1968619360993114;0.051149032750669655;0.6930272993268738;0.18907562526081512;0.0683587508540017;0.09066672836525641;0.007087154712624263;0.3893096400769274;0.07429548558127234;0.5950506330094115;0.08029022329928992;-1.481383578971085;2.0050185811549572;0.08987733234261594;0.4046042806693968;1.0523147647107123;0.40486666905173624;0.40486666905173585;0.7057354121798372;0.12873960269995713;3.091971255411391;6.969725403129559;1.007905138339921;0.0;16.74;3348.0;0;0;0;0.2503673;62;54;12;20;40;53;/home/edouard/Documents/4 - Dossier CAMARA images tests/dataset/NOT_OK/kevin_hart_question_3.jpg;NOT_OK
111.59287676010288;41.14682173437597;120;11;233;118.93708875887296;19.563331008326433;45.302678700155795;0;0;255;49.34629284506482;3487.9539479811997;35858.296184520004;1583.1164557612851;7.594857892663106;10239316.0;964.0624273916083;0.1453917874054036;0.43561928086123086;0.11120472383765384;0.6575740533486947;0.46643224786551624;0.055985848923571065;0.05476477177809254;2.956140077321441e-05;0.292096286148464;0.035225176201460484;0.542489100913516;0.04039659517305977;-2.3123045542492084;2.3847231981638024;0.09355498660971528;0.3571906213938361;2.0133828215576375;0.3861075912300736;0.3861075912300734;0.6623725198184967;0.09069519276748356;4.118791933174719;45.601387817052654;1.795774647887324;-50.28169014084507;458.78;91756.0;0.0580234535071276;2.6548672566371683;-29.55665024630542;0.35074347;406;226;98;40;128;76;/home/edouard/Documents/4 - Dossier CAMARA images tests/dataset/NOT_OK/photo question 1.png;NOT_OK
95.57575757575758;60.3775385333026;97;0;253;113.04942545418098;52.57575757575758;80.90659226451767;1;0;255;96.48879186994591;1782.9732228604073;5968.384244212396;913.2572904897665;21.45802825383929;290168.0;704.5183304023343;0.15424786679568186;0.3162415233828181;0.014860105787376393;0.7407117668337049;0.2989464611221477;0.05690299139860182;0.14517863700142597;0.030528068060379117;0.38591903446130127;0.14420356449164834;0.6828556153391766;0.058012185370112775;-1.9845728563103642;2.0065317591880523;0.09274062815765051;0.4827502263751051;1.3322495697274466;0.49197054066059187;0.49197054066059165;0.9686750627432462;0.3112634256299202;1.5840131405218167;42.24021776933429;1.0759493670886076;0.0;15.18;3036.0;0.18774703557312253;21.73913043478261;3.0303030303030303;0.3490029;66;46;15;16;36;47;/home/edouard/Documents/4 - Dossier CAMARA images tests/dataset/NOT_OK/brad_pitt_question_3.jpg;NOT_OK
133.25714791666667;69.2569372123276;138;3;249;150.17986157576743;14.753870833333334;28.022959329806383;0;0;255;31.669590369416948;6159.631760759261;103865.174777554;1097.5712720353213;1.5906414347702842;63963431.0;842.8468028622764;0.26959815655369834;0.5086679369893488;0.03982821714331997;0.945889944536897;0.5150561842409073;0.054852599156324656;0.05060188998683806;0.0013773375807274836;0.39456422041593797;0.02906528704988451;0.5003153563534211;0.011396266265924373;-2.168014884275528;2.3941500998244862;0.010735318239739791;0.43484705985052124;0.9279383526593996;0.4354520367766979;0.4354520367766978;0.7849227216292038;0.10709852595370749;4.063643276837201;42.921695236077966;1.118421052631579;-13.421052631578949;2400.0;480000.0;0.06875;25.833333333333332;-18.375;0.4408638;800;600;322;272;414;380;/home/edouard/Documents/4 - Dossier CAMARA images tests/dataset/NOT_OK/photo necessitant recadrage pour trouver candidait probable.png;NOT_OK
112.34484344626493;74.32662872037376;111;0;255;134.70639029349005;28.413312563639728;61.3326436887743;0;0;255;67.59444883045673;15585.548494418737;110918.70735871438;6594.917531760764;7.6924180897008725;77674326.0;3808.3784276814376;0.2667997608709509;0.440620299866272;-0.00014519098818049396;1.0005857673523986;0.43337295484412097;0.08086310261212014;0.085500762109371;0.0;0.49756008947366115;0.06427365794936273;0.5891398373004315;0.004440715842335052;-2.408522372911952;2.498918803005866;8.493166613046808e-14;0.3783939929092764;1.4308852455373113;0.38921839884696535;0.38921839884696585;0.6693210891707567;0.10747438038806965;3.514323196897902;27.546769991595255;1.0039370078740157;0.0;3456.96;691392.0;0.028730445246690734;-67.50902527075812;30.76923076923077;0.4152105;624;1108;593;194;628;239;/home/edouard/Documents/4 - Dossier CAMARA images tests/dataset/NOT_OK/photo question 7 ter.png;NOT_OK
83.60553804855276;43.743635080847135;87;0;249;94.35778506553831;7.586017740429505;25.240691503555322;0;0;255;26.35602725631769;1907.0378605393703;17363.762368751468;693.752970322471;8.142929961622146;2865329.0;438.41178820697183;0.1634116810034664;0.32440799371775497;-0.0003807013600362614;0.850759962904496;0.3322077206131888;0.05017768677449597;0.036711668055926634;0.0;0.3377043754012597;0.019001305630586697;0.445103050231652;0.015269273737897392;-1.802083919463477;2.2480017313144223;0.0;0.30227146765161766;1.3393662511882047;0.30824472856497154;0.3082447285649716;0.5134764733866334;0.023308022033281337;11.252085107615331;42.700383505139456;1.2686567164179106;0.0;171.36;34272.0;0;0;0;0.43967986;238;144;0;0;0;0;/home/edouard/Documents/4 - Dossier CAMARA images tests/dataset/NOT_OK/A-4 FOND NOIR NE MARCHE PAS.png;NOT_OK
115.88620376586914;61.1100973572725;121;3;249;131.01166445122306;5.517901102701823;17.509039224200485;0;0;255;18.35793253974393;4416.562304758204;116098.47992290075;1390.3313496246328;1.4486992934039356;91136619.0;834.9870303617704;0.2394398621386022;0.43834496674251816;0.02720740486503401;0.8144674245524084;0.4538260631887524;0.04022964251410157;0.024158055342850936;0.0;0.3775572059532137;0.011623297968340104;0.4450802737298407;0.009049801425292431;-2.045133906483598;2.4258480411651413;0.003909239487603315;0.3013314048642002;1.0979667518691683;0.3019841816108592;0.3019841816108595;0.5032104869739816;0.022714371910829177;11.136250614526684;29.379878506323024;1.3212435233160622;-15.854922279792746;3932.16;786432.0;0;0;0;0.19449702;1024;768;0;0;0;0;/home/edouard/Documents/4 - Dossier CAMARA images tests/dataset/NOT_OK/G-1 photo anthropo déjà en base ne passant pas à la reco.jpg;NOT_OK
60.30527950310559;48.08079674469952;52;0;255;77.12645299475916;47.18866459627329;77.51273965869625;0;0;255;90.74687253991951;2099.7653213485673;5822.307068101265;1291.6130692943307;46.987897480717336;388366.0;998.3845727222902;0.1172152061322231;0.19101937157465254;-1.1608667290317196e-05;0.5931138848358881;0.17165658195588707;0.04383530567327417;0.10944367781105191;0.00046019405350583147;0.2951184060321427;0.10565465648959052;0.7185643926881904;0.01820911396637003;-1.914477640594799;2.3265448590962565;-0.03105654522183893;0.436654417630888;1.2001922870994934;0.4401808815230982;0.4401808815230975;0.7982492077590091;0.2351800321637812;1.8735092454374416;31.735235715611083;1.328125;0.0;32.2;6440.0;0.1956521739130435;12.857142857142858;9.782608695652174;0.2123808;92;70;17;26;53;74;/home/edouard/Documents/4 - Dossier CAMARA images tests/dataset/NOT_OK/beyonce_question_4.jpg;NOT_OK
81.25582523148148;64.40394980586206;78;0;255;103.6840290722012;3.0135578703703705;13.870459906042722;0;0;255;14.194054707630581;7332.566221291545;166766.94201672677;2349.6789533909705;1.6583236521668547;210615099.0;1807.2585779644103;0.25420938300035595;0.31556006376042717;-0.001117488424033403;1.0000029468835663;0.2855210680755371;0.03930872040393179;0.014443934373402583;0.0;0.5109609405900155;0.0066549740292127756;0.38312833741019653;0.0025948656486149287;-2.2117808305768265;2.3169699804744037;0.0;0.29227181103640865;1.3930034035746266;0.2995446107516612;0.29954461075166117;0.49926603523676827;0.015917402561669885;15.663498240195926;60.16933535228165;1.058091286307054;0.0;12960.0;2592000.0;0.1474814814814815;11.851851851851851;-25.833333333333332;0.46596575;2400;1080;357;1055;799;1644;/home/edouard/Documents/4 - Dossier CAMARA images tests/dataset/NOT_OK/B-1 photo question brute ne passant pas à la reco.jpg;NOT_OK
101.44840265220012;74.70466477994317;101;0;229;125.98636966182734;14.218233875828812;35.11604922046732;0;0;255;37.88528853528833;1844.2638963508896;22874.667400437032;329.15842678171947;0.0;3366058.0;617.5327376941121;0.2605242571609852;0.3607075629793708;0.013266480262585461;0.84880442074061;0.35255907299581213;0.0591214110877614;0.04931708292562849;9.346489416779329e-05;0.4000376411031317;0.02478060278383437;0.4157788201984501;0.04304495224144513;-1.554011011896362;1.8186180453644172;0.0491454061658997;0.342313712692273;1.2532628128026377;0.3464777770009836;0.34647777700098115;0.5811666782391869;0.03420616532504254;9.307415394574589;9.06356710793304;1.1643835616438356;-5.821917808219178;165.9;33180.0;0;0;0;0.24760532;140;237;0;0;0;0;/home/edouard/Documents/4 - Dossier CAMARA images tests/dataset/NOT_OK/photo question 22 -test que yeux.png;NOT_OK
135.3844926301099;80.10841287695429;108;37;255;157.30962671870037;8.526636847734695;27.29900663547705;0;0;255;28.599638095908958;4317.365659885028;92920.96972028892;540.3420768050066;0.5624051474594945;47339354.000000015;464.06025820643725;0.3058615564709187;0.5164334278817848;0.12254066720822088;1.0000110933451187;0.42154199844131485;0.07537496827816477;0.045070282302305135;1.8250120749944284e-08;0.4889940357534494;0.013777763762870513;0.4329550368497169;0.012560039404996238;-1.897926679542748;2.0825610977096667;0.045902464690168385;0.3609390767492697;1.05994940578113;0.3612439976837685;0.36124399768376797;0.6099433997963274;0.04276964000546236;7.93546044362489;45.656828257420756;1.2142857142857142;-53.42857142857142;1748.33;349666.0;0.032087763751694476;36.768802228412255;-16.632443531827516;0.4715764;487;718;452;156;513;240;/home/edouard/Documents/4 - Dossier CAMARA images tests/dataset/NOT_OK/A-1 photo question.png;NOT_OK
85.86681647940075;59.67679565838352;80;0;250;104.56782541661441;34.21722846441948;62.59678590632059;2;0;255;71.33846318493282;1739.8849522903909;8364.216720816927;746.4675085560416;7.709802003632148;573161.0;457.92387496899613;0.1941819100809134;0.31737451348713164;0.02762817813441871;0.6777867954058736;0.29590056121348957;0.06931871800614967;0.1019734487797751;0.007180721881102574;0.3157443506709087;0.08895515286926453;0.5970459305891028;0.06657804833329425;-2.2297724365536076;1.7901118445381727;0.05024967630724295;0.39359520547978566;1.440278059809216;0.40522117655802514;0.4052211765580251;0.7065900053573304;0.1208668225690193;3.297103618419075;8.12739025288542;1.2142857142857142;-2.4285714285714284;33.375;6675.0;0.15280898876404495;8.0;2.247191011235955;0.43727142;89;75;17;24;47;65;/home/edouard/Documents/4 - Dossier CAMARA images tests/dataset/NOT_OK/ellen_degeneres_question_1.jpg;NOT_OK
85.05718027062419;79.76764464360232;58;0;254;116.6087520196382;54.33435181143605;91.11407771468022;0;0;255;106.0848572821102;2802.193581800955;7379.154364160811;1771.4191696156472;16.233306155846368;389732.0;1063.7184499824652;0.22954524571652932;0.3106408452214121;-1.406715755304319e-05;0.7041482589628184;0.280131414936854;0.10829448407774614;0.16649955142366468;0.0;0.4659773487732045;0.1539871373170079;0.6545764475890379;0.005681376455492026;-1.98698778156913;2.2908435505871836;-0.0781465461078553;0.3982668511329844;1.4577696453208122;0.4107243637948638;0.41072436379486416;0.7200341753853298;0.163760849385599;2.4759072806245537;31.63807863609972;1.0119047619047619;0.0;22.91;4582.0;0.06089044085552161;-1.7241379310344827;-37.9746835443038;0.33127835;79;58;0;0;0;0;/home/edouard/Documents/4 - Dossier CAMARA images tests/dataset/NOT_OK/ellen_degeneres_question_3.jpg;NOT_OK
106.6682041728763;65.35804708778942;102;0;255;125.09908113409996;6.924303278688525;22.470105415162802;0;0;255;23.512796797994604;6310.449157175787;91438.39559744418;1137.614156612599;1.721791593925962;57259492.0;990.8331092149905;0.24861340017816508;0.3900546315093927;0.003691358709228583;0.9368225694954055;0.3649394853690595;0.06163245653635852;0.04195550325260913;1.4901161193847656e-08;0.48608181134550005;0.017844311202190308;0.4177040953976302;0.009803031691468568;-2.2078196750146235;2.187554179320099;0.009387472441238897;0.33788263259683476;1.1100979646530866;0.3387950085537518;0.3387950085537514;0.5668156117288852;0.031598273937424606;9.723870378402035;35.41202576670091;1.0991379310344827;-2.1982758620689653;2684.0;536800.0;0.07032414307004471;-1.0245901639344261;0.36363636363636365;0.2764031;550;976;26;124;275;418;/home/edouard/Documents/4 - Dossier CAMARA images tests/dataset/OK/photo question 29 comparatif final reco.png;OK
97.31617151994614;47.089772262137934;94;4;227;108.11051702308889;9.921111164546613;28.460215874867316;0;0;255;30.139879468626628;4547.066427435809;62191.932000095374;2116.9799805252555;0.9616327256988557;32376701.0;1754.9357023484363;0.1746118767036584;0.33367570505546923;0.02607995578265356;0.822834214560375;0.3005768148763691;0.044452277184616085;0.030552528135674203;0.0006741469425363495;0.40415839509774115;0.01588258574092089;0.486672070704285;0.008522355128396506;-2.1121722299764576;2.3269206795971193;0.00897488227150112;0.31494811793908284;1.2835489683016823;0.3195851098252336;0.3195851098252337;0.5326227770468982;0.03272159054956547;8.528846004319822;24.89996820567623;1.3010204081632653;-19.51530612244898;1663.48;332696.0;0.06101065236732633;-31.291028446389497;-31.318681318681318;0.27724335;728;457;0;0;0;0;/home/edouard/Documents/4 - Dossier CAMARA images tests/dataset/OK/photo anthropo recadrée puis filtre zeke (windows photo) problème de mèches sur oeil.png;OK
79.59469362203565;51.628546664919135;73;0;210;94.87266246668455;7.639895419060244;19.902325878912933;0;0;255;21.318315538630745;1877.1563641217097;22030.182318461128;399.23580610130387;1.25356586351695;4322947.0;376.5547361952729;0.19238225269183587;0.27174713228910224;0.0013123006224741974;0.812219651280806;0.23849903941249195;0.050488700625960295;0.04748418337263326;1.4901161193847656e-08;0.40216179476086816;0.03396136310716951;0.48317306145011174;0.025853385409332585;-1.464137807926253;1.8454623444886837;0.019122411033949713;0.4383580498717465;0.7389217591236446;0.447595387196488;0.4475953871964861;0.8198004498089171;0.11244094727628073;3.992184339058529;45.93102952524393;1.2439024390243902;-1.2439024390243902;271.56;54312.0;0.16007512152010606;-1.36986301369863;6.451612903225806;0.37213603;248;219;53;53;173;220;/home/edouard/Documents/4 - Dossier CAMARA images tests/dataset/OK/beyonce_question_1.jpg;OK
127.38635433715221;57.26924856308863;117;31;254;139.66764157202385;9.09652209492635;26.692656008620048;0;0;251;28.200081542754507;2055.577217017826;30810.37505946458;253.50104344877104;0.6317575325808533;6226645.0;265.01813690639335;0.20240650499425694;0.48676154176510905;0.16024058669097835;0.9774724162711624;0.44926920722931474;0.07546434191859716;0.06942977947459825;0.0030993508227114565;0.4390791586410524;0.04256987937819227;0.4051964254549638;0.03510269064327278;-1.424974778944202;1.5460503525025089;0.047301016716506404;0.40115335304054495;0.7192434211865281;0.4110319880296222;0.4110319880296221;0.7207957204391103;0.05739906416461661;7.070527102640618;47.89896648247597;1.2142857142857142;-48.57142857142857;244.4;48880.0;0;0;0;0.29854375;260;188;27;55;117;187;/home/edouard/Documents/4 - Dossier CAMARA images tests/dataset/OK/photo question 28 Profil recadrée.JPG;OK
139.75574491587273;57.084331237378706;138;10;224;150.96452931006428;9.716965500917214;27.894898586327585;0;0;255;29.538869065817604;2821.314383913064;47987.90221657044;833.2713929256809;3.090742133417791;14170394.0;594.8695743698713;0.22401182985449739;0.5153338984870394;0.06017326260082557;0.8648626294764581;0.49836923404031075;0.07111698544528847;0.04585129651220548;0.0009505497251566777;0.4273560434385871;0.01809967147853981;0.4432471914964508;0.039824377472917394;-2.313880158088227;1.9216951141293455;0.08510304004159208;0.385470192676728;1.064857004136285;0.3858493674311663;0.3858493674311656;0.6617998547133956;0.0576609986320424;6.472471422048531;13.292618364346339;1.2944162436548223;-28.477157360406093;506.97;101394.0;0.11823184803834547;-3.053435114503817;-14.728682170542635;0.4124844;387;262;0;0;0;0;/home/edouard/Documents/4 - Dossier CAMARA images tests/dataset/OK/D-5 candidat probable retenu à la reco.png;OK
57.992401494678546;26.9952907337119;52;17;204;63.96768209742812;2.4300453741700863;7.620984662175138;0;0;184;7.999032925400053;1242.9118465548606;22114.1803181057;122.92369960044843;0.24583680943577946;6952825.0;177.64546642070977;0.0974550254064667;0.2212492531010728;0.04631073138054387;0.7510581608600702;0.19830927767885584;0.028291622013186274;0.024433948637354548;3.40637894726478e-05;0.33263257863180395;0.01526492849207578;0.3204894493249159;0.019553820163514264;-1.258447540999772;1.3023492772907075;0.010404816823364967;0.3551978054415929;0.3245774582658171;0.39824448780047295;0.3982444878004729;0.6900185579145622;0.02839751418755712;13.717623096327;76.59555672587439;1.624203821656051;-34.10828025477707;599.46;119892.0;0.14636506188903348;0.32362459546925565;-2.577319587628866;0.3712343;388;309;79;86;227;269;/home/edouard/Documents/4 - Dossier CAMARA images tests/dataset/OK/photo question 18 passe à la reco.png;OK
108.02524081475534;60.21884389952887;109;1;254;123.67603572916504;4.815213958985556;17.338355750909137;0;0;255;17.9945787840642;4601.926292800739;100752.2899809013;649.2584803728766;0.5938299121419481;71840458.0;645.3333587583994;0.2238283263939126;0.4019806951437385;0.0024979252928329526;0.9397539650140797;0.385524717444678;0.04461177885314923;0.030026706118996566;1.862645149230957e-09;0.42240304303409426;0.01628846886057749;0.4342263177560607;0.012443419671327801;-1.943592689216557;2.596099435550122;0.0;0.35511852978859476;1.1529097769216923;0.3568830443515373;0.356883044351524;0.6012742114964318;0.04128482788960549;8.07167147614724;50.564782390413455;1.1283185840707965;-6.76991150442478;3325.17;665034.0;0.04647281191638322;-2.6894865525672373;-6.273062730627307;0.49774766;542;1227;72;64;309;405;/home/edouard/Documents/4 - Dossier CAMARA images tests/dataset/OK/photo question 20 comparatif personne DCD passant à la reco.png;OK
62.62563466379;55.35949864365866;55;0;255;83.58614841658719;6.010810859403092;18.685184796461765;0;0;255;19.628193448849135;5129.053237180575;62126.196736080405;2534.076823041912;2.000000000000341;34832378.0;1917.5805880130513;0.2000566474725606;0.21586263601821434;-1.9647822536341983e-05;0.9870910020912966;0.18428016294322216;0.031369210572264196;0.017933110208283833;0.0;0.4377674065496915;0.009738732191701231;0.42963762887611523;4.320438474636152e-06;-2.0712171229096246;2.459407654095107;-7.464582733186295e-06;0.3465201534180615;1.1021733396854176;0.34733296523913665;0.3473329652391336;0.5827895825020089;0.0347543835111667;9.195999105969532;35.24334068412824;1.0240963855421688;0.0;2781.0;556200.0;0.02403631787126933;-65.53398058252426;5.666666666666667;0.3704937;900;618;0;0;0;0;/home/edouard/Documents/4 - Dossier CAMARA images tests/dataset/OK/B-9 - photo optimisée via windows images filtre zéké FOND NOIR.jpg;OK
64.54540285899935;29.977063220854813;62;1;216;71.16694000431413;19.459957764782327;34.981709064438824;1;0;255;40.03011273124463;1303.2993687292721;7788.350772497979;517.6346013706057;8.26779599284021;794683.0;291.70345740933277;0.09667314737217869;0.2316666474980427;0.016826275119374436;0.6410365725447082;0.22374449870308297;0.04135218666461727;0.06897672960088116;0.00597322586330144;0.32834072261848984;0.05888955047668305;0.6012228557819971;0.056359036217885274;-1.6674544313960107;1.75559981111855;0.0669744098862465;0.4467447249706002;1.066880456371217;0.44721102261764134;0.44721102261763934;0.8186628803264115;0.1736039030960134;2.5832489991104817;24.538455446441134;1.3934426229508197;-5.573770491803279;61.56;12312.0;0.19005847953216373;-20.37037037037037;21.05263157894737;0.29513216;114;108;23;34;70;99;/home/edouard/Documents/4 - Dossier CAMARA images tests/dataset/OK/steven_spielberg_question_2.jpg;OK
135.85018546503642;61.3371616215213;155;0;234;149.05542689439193;8.639774236387781;23.625691787867872;0;0;255;25.155894166399204;2997.0749990494132;43950.8077678906;620.0671736776039;1.6908258580736464;11866241.999999998;509.52645810971296;0.2195942472027122;0.49691737367138705;-0.00012936340790706112;0.8467395558397093;0.5562599441697151;0.05862150342399106;0.053872220791954695;0.0;0.4271069189200346;0.037873133916194304;0.5281329502684509;0.02236700657804688;-1.769741212042725;2.3555532521577325;0.0;0.40571257214081224;0.9444493295864212;0.40604289647836445;0.4060428964783647;0.7085761534145598;0.09484605322537092;4.2126657990774286;50.36814024515533;1.1805555555555556;0.0;436.74;87348.0;0;0;0;0.30796164;348;251;0;0;0;0;/home/edouard/Documents/4 - Dossier CAMARA images tests/dataset/OK/photo question 25 SDF DCD cadre serré fond noir passe à la reco.png;OK
81.50924780828318;57.34873007902892;61;0;255;99.66260241409229;17.840913879499087;38.2467261378483;0;0;255;42.20320210978394;4837.1073768614215;32570.82570683023;2122.9059440046153;7.8917819855412;8897631.000000002;1951.3295821944587;0.20549625619690579;0.2995737276041008;0.015716682286160962;0.986681635899393;0.22041075158786094;0.06327528140704194;0.059178059947729705;1.862645149230957e-09;0.4377799507567779;0.03945325864620898;0.569281574931022;0.008941947429658731;-2.1020242432542617;2.134208512494334;-7.0776684202732614e-15;0.39986269571469735;1.1486663594018631;0.401749670142138;0.40174967014213775;0.6982797685582113;0.1064944055539847;3.700398059732149;17.012364850005582;1.0119047619047619;0.0;545.805;109161.0;0.15755627009646303;-46.30225080385852;73.5042735042735;0.3103166;351;311;57;37;223;266;/home/edouard/Documents/4 - Dossier CAMARA images tests/dataset/OK/denzel_washington_question_4.jpg;OK
42.362088796871404;29.895378004010873;39;3;208;51.848627689040285;16.009891879457097;37.40969519222582;1;0;255;40.691546202708366;923.0917501972665;3291.4822832149266;374.8615840930052;8.438071362035597;184148.0;280.5909090864309;0.07022857749607975;0.15190862009408568;0.030716022099216925;0.5676400575892853;0.14323951324741424;0.06159740558878172;0.05887592835920888;0.0035250977914368336;0.3449072489475387;0.04082264816454097;0.5125185266058115;0.08834962576592119;-1.4149628231260045;1.8590903035376103;0.11407491998363811;0.3806212855966662;1.061681345170581;0.3809610607705797;0.3809610607705795;0.6510759137987039;0.07663918301515035;4.783848789521417;9.42314730325117;1.408839779005525;-15.497237569060774;21.735;4347.0;0;0;0;0.29193017;69;63;11;24;40;61;/home/edouard/Documents/4 - Dossier CAMARA images tests/dataset/OK/kevin_hart_question_1.jpg;OK
143.6007529662306;56.37516162218169;127;0;247;154.27033123836708;9.2421508974749;24.607574192391656;0;0;255;26.285928951546605;3040.0324355248963;55856.01831307847;760.7734702330586;1.2736415655471343;18880627.0;640.428995317635;0.23875302264628312;0.5304426829540323;0.010475423744468736;0.9406306913228064;0.46832661408800774;0.060674960593376764;0.04552125092317214;0.00046605102251347355;0.43983080431224647;0.023193761763912697;0.44627901996204833;0.03193816375555769;-1.7764083136767443;1.6527426570024282;0.05582934358933479;0.41679393972572576;0.9910936624824421;0.4168022786541356;0.41680227865413566;0.735283242398427;0.0768623943332556;5.373182866957684;36.75347645625024;1.103896103896104;-7.7272727272727275;657.4;131480.0;0.18481898387587467;-5.202312138728324;24.736842105263158;0.32308286;380;346;93;117;243;332;/home/edouard/Documents/4 - Dossier CAMARA images tests/dataset/OK/photo question 8.jpg;OK
51.11637792304363;36.70396678528662;44;1;195;62.929049490254066;3.8484290201214164;9.275199892320034;0;0;162;10.041899171242772;1261.235835485811;18847.361756152673;247.6256422320281;0.8803826727361461;4605739.0;207.15479926541775;0.1259903530764301;0.18068093025468296;0.010190899700485825;0.6611181283884108;0.1573443653626338;0.028439062830407983;0.02222765619692157;5.193894454091691e-06;0.2555229560194752;0.010605827324023275;0.37614040204615157;0.022147438993867313;-1.4602343856643536;1.3881272903964628;0.022302614629984275;0.4113618045989241;0.8907549078997764;0.41272140182437544;0.4127214018243756;0.7249972774643779;0.049042165483876195;8.318339510596905;43.84468734806646;1.4825581395348837;-5.930232558139535;450.515;90103.0;0;0;0;0.3303037;377;239;85;88;220;249;/home/edouard/Documents/4 - Dossier CAMARA images tests/dataset/OK/fala_chen_question_2.jpg;OK
79.67093665246028;36.46275006820094;70;0;254;87.61843578617703;25.584318093762107;50.537947946012764;0;0;255;56.644871920737;3314.9550987880298;17494.000791500475;1926.9074599159746;18.770329231576866;3290091.0;1297.2997882887146;0.11361747876105421;0.29502320595546705;0.0579765096429629;0.6723008422514875;0.2689453914516508;0.05402976907188944;0.06265124661083807;2.948469018888127e-06;0.33027235784103853;0.04891911834488288;0.6106407492595681;0.021582124949441273;-1.8670462054436565;2.5564260621124526;0.0089490178952049;0.3992689090655527;1.1582068969645491;0.40138013739614964;0.40138013739614986;0.6974027508072783;0.12448045967716798;3.161915193322028;6.34356110070766;1.2878787878787878;-1.2878787878787878;206.48;41296.0;0.1086788066640837;-29.775280898876403;31.46551724137931;0.33418584;232;178;34;46;126;170;/home/edouard/Documents/4 - Dossier CAMARA images tests/dataset/OK/kevin_hart_question_4.jpg;OK
146.0045879501385;78.67472449057428;106;50;255;165.85250066296106;10.571923229125446;33.735506659275416;0;0;255;35.35321725558423;2795.302805131932;47079.895212581156;788.3589701340788;1.4061276812800327;11806515.0;522.228422016001;0.29501209916995247;0.5663907058519416;0.17278706699972662;0.9996621573322519;0.41966874449854064;0.08147239349030219;0.047413347626478974;2.5809568279517847e-08;0.49601324785576206;0.015442604616438333;0.44877504877572283;0.02471998540883508;-2.5033148863488113;2.2026108365801624;0.025296810579917346;0.32510461409718977;1.2548871793113303;0.3291027395723947;0.3291027395723947;0.5492738213606269;0.0325601033594723;9.001794506725757;29.457712829952783;1.3076923076923077;-77.15384615384616;404.32;80864.0;0;0;0;0.45394802;304;266;78;76;170;191;/home/edouard/Documents/4 - Dossier CAMARA images tests/dataset/OK/photo question 32.png;OK
100.991455078125;48.397093447828574;97;0;254;111.98907381077312;30.787923177083332;60.78579227872605;1;0;255;68.13815932728457;2338.9898836502384;12191.789258520743;1282.3310330252234;14.710426140204317;1240983.0;972.9339504934021;0.14611885489013982;0.3668653754205911;0.054467514772723526;0.8408285443069153;0.35667763220270177;0.06043066532825947;0.0858653551839338;0.0035129357976076674;0.329374550657692;0.0747181924231528;0.553572235063119;0.05514799123494606;-1.9404551297286938;2.00255065031592;0.0792448853421544;0.3540977451904009;1.1208212639781854;0.3552358324617115;0.3552358324617011;0.598037646622948;0.07006234455511187;4.722931421977626;-1.3115931389617401;1.1135371179039302;0.0;61.44;12288.0;0.16902669270833334;-13.541666666666666;0.78125;0.23280871;128;96;19;34;68;101;/home/edouard/Documents/4 - Dossier CAMARA images tests/dataset/OK/jet_li_question_3.jpg;OK
108.37719058503943;74.71465438474691;80;0;255;131.63546261907595;2.76773311027187;16.941554315351215;0;0;255;17.16614718536721;4504.143100088314;111951.54680456151;849.4136171922387;1.115433728714579;78515373.0;767.3056485537351;0.2862618893341117;0.42160726838933865;-9.492155542844065e-06;0.9955319345919558;0.31365727319838377;0.05329093976075825;0.02259213107823325;3.4924596548080444e-10;0.4828011051933737;0.0067579141381951015;0.2947400607249514;0.006727760675583708;-1.78077893781844;1.7538485890548141;1.1324206815283536e-13;0.27566551698947095;0.9888162679906899;0.2756742331540198;0.27567423315401857;0.46220989890055375;0.006780434249089059;31.543126480717646;73.2605177499133;1.028225806451613;-4.112903225806452;3622.32;724464.0;0.07425489741381214;53.18138651471985;-3.9244186046511627;0.23177275;688;1053;163;138;452;549;/home/edouard/Documents/4 - Dossier CAMARA images tests/dataset/OK/photo question 32 comparatif final reco.png;OK
117.6091032244948;55.023105929543476;111;4;255;129.84391917761738;7.282154869955374;17.49079083301438;0;0;255;18.946174904562522;4305.684347741473;91417.07062850795;1275.3689675326666;4.192164776213774;58427143.99999999;770.3377158587558;0.20746098124642665;0.4024027842074847;0.020016675526418448;0.9535282735395125;0.38416547465571266;0.037472049393370926;0.032999184468560504;0.001412609211655555;0.3440983221704473;0.019424089123642945;0.48745254278110195;0.01693623884515692;-1.9384289615274526;2.1813973510024933;0.025956039950373495;0.38052906828282723;1.393694910813226;0.3900236537637153;0.39002365376371523;0.671134888378028;0.07095087557251925;5.338448737959761;4.451463128461199;1.191588785046729;-20.257009345794394;2483.955;496791.0;0.19736468655833136;-12.565445026178011;34.83275663206459;0.426408;867;573;0;0;0;0;/home/edouard/Documents/4 - Dossier CAMARA images tests/dataset/OK/C-3 rognage.jpg;OK
95.92257932326426;64.37808633158001;98;0;255;115.5235007422485;14.303067556492215;32.64156797573506;0;0;255;35.63775668360892;2748.7380802953276;21175.132206575105;384.5715918868418;0.8474747281207631;3277099.0;360.32722031231015;0.23145833267323415;0.36457427199062314;-6.06431386133515e-05;0.9435945098182527;0.3613104521347348;0.07907982125042008;0.0861018203895769;7.2938357332990605e-06;0.45509680137817926;0.05646574279662861;0.5134627082592019;0.02910161203697275;-1.675010689966773;1.7343654024361652;0.011348031642305124;0.3949195007163149;1.0086810132579107;0.39492687641446167;0.3949268764144617;0.6823163027886617;0.08673242299747469;4.441521834119293;41.93042550579807;1.0493827160493827;0.0;170.82;34164.0;0;0;0;0.17856666;219;156;0;0;0;0;/home/edouard/Documents/4 - Dossier CAMARA images tests/dataset/OK/photo question 30 masque + 3 quart.png;OK
50.01500718117068;55.69299703990847;39;0;249;74.8545981394584;7.586144737227775;22.75632915204392;0;0;255;23.987499003654648;2222.3629279237994;19426.54351696642;811.7857059335631;6.212098279003933;3412724.0000000005;787.9153778637287;0.19139927574502005;0.17169648360727283;-1.8777900267899505e-05;0.885548707599571;0.13406513763005917;0.04401187834949677;0.030283108137688707;0.0;0.38630992124883295;0.0142890628531365;0.4211609892179355;-0.00042782814002560607;-1.618371877377779;1.815652289213653;0.0;0.31288028634733356;1.000689614804934;0.31288032352068895;0.3128803235206889;0.5212150557323286;0.02282839909991616;11.790017728900551;31.584700136546388;1.108695652173913;0.0;341.17;68234.0;0.19975378843391858;23.394495412844037;6.389776357827476;0.22099572;313;218;0;0;0;0;/home/edouard/Documents/4 - Dossier CAMARA images tests/dataset/OK/fala_chen_question_4.jpeg;OK
71.16026027534922;47.38972800579105;70;0;197;85.49601723424489;9.223846849562857;22.382678821788346;0;0;255;24.20875176343306;1521.5045648903706;16989.264459034643;441.8136632742629;2.1603523775925044;2832462.999999999;384.93503043865854;0.1854819353535249;0.2707089860538511;0.005146524706065651;0.7072588230724866;0.26787822792768096;0.04411131736361525;0.041436128600051386;0.0012501536075044505;0.3327527860311965;0.026258761365861378;0.4623565767210718;0.039500404383880555;-1.8318883329650038;2.089023187108301;0.05228708646097373;0.38733077446851194;1.0954217924482483;0.38812901418730433;0.38812901418730456;0.6668772420021457;0.06594064339104697;5.705914250250854;30.034045974588338;1.4739884393063585;-1.4739884393063585;199.02;39804.0;0;0;0;0.33657154;214;186;33;69;142;205;/home/edouard/Documents/4 - Dossier CAMARA images tests/dataset/OK/photo ID mauvaise qualité.png;OK
129.43997572926685;46.711166743691;123;0;255;137.61046622750064;25.91682694509319;48.45564228229981;0;0;255;54.95117094195636;4795.609641238498;40386.628915630725;2660.167490084608;9.785791278935195;11306322.999999998;2104.3985825594323;0.1558759501227496;0.50207746678449;0.08702104969012792;0.9633774783240945;0.4755684864661633;0.07259648754965453;0.059779918966266436;0.00913534921746871;0.5046035694770238;0.033290130895057946;0.6855195546180831;0.020713883559091338;-2.0218429366118515;2.2411189413237764;0.022677395665943408;0.4331277584098036;1.3424658573367774;0.44181238302980136;0.4418123830298006;0.8029213735287904;0.2121340621622068;2.085724202484985;21.247080209784116;1.0159362549800797;-1.0159362549800797;436.74;87348.0;0.08578330356733983;-69.32270916334662;-10.057471264367816;0.42900646;348;251;0;0;0;0;/home/edouard/Documents/4 - Dossier CAMARA images tests/dataset/OK/kanye_west_question_4.jpg;OK
128.17612942612942;30.312293925187397;123;20;253;131.71163698652765;9.230106100795757;24.69125138457595;0;0;255;26.360059817236206;2127.2127477827303;40541.338321837255;826.7276907828577;4.229568309852225;12177245.0;733.4751564709765;0.10887701322256578;0.4971791580340466;0.1688401117294807;0.8752056220102113;0.47944835548443365;0.05572443861571519;0.033785783104704266;0.0029144996871730993;0.4228159899567472;0.014422898927205026;0.5208620704476329;0.02666270300948157;-1.8875780256921766;2.0064559374688704;0.03744502647140768;0.40417934614943135;1.254062033143413;0.4091224982774786;0.409122498277479;0.7160859765532865;0.0944870868080277;4.269857203258715;16.382633194496492;1.6666666666666667;-101.66666666666667;475.02;95004.0;0.0741021430676603;-72.52747252747253;-10.632183908045977;0.47117746;348;273;15;66;175;283;/home/edouard/Documents/4 - Dossier CAMARA images tests/dataset/OK/kanye_west_question_2.jpg;OK
71.35345622119816;68.82434271674666;44;0;247;99.13680378700253;11.550775031420192;34.31325661338608;0;0;255;36.20524800691972;2090.9285573280763;15173.163966956594;682.0514464119257;3.0025918297704615;1703207.0;385.5029124362811;0.23225391975521717;0.2542985526582121;0.013253257847015837;0.8874797650552787;0.17869357718473328;0.06882186247007661;0.05529489217259335;7.362751430292566e-10;0.431685992949043;0.0236502075953902;0.4062090940251286;0.03850183773941347;-1.6736484054359928;1.6329565428317296;0.03593997974951552;0.35477478880402813;1.1956164398501992;0.35752472107593986;0.3575247210759255;0.6025406077945101;0.03749771476217852;8.911120084278215;27.708678190511563;1.0991379310344827;-5.495689655172413;119.35;23870.0;0;0;0;0.33502635;154;155;26;2;117;104;/home/edouard/Documents/4 - Dossier CAMARA images tests/dataset/OK/photo question 22 tests sans nez et bouche passe à la reco.png;OK
114.33285221440119;64.43649892706355;111;0;255;131.24047961455173;7.48602132884593;23.19960027204184;0;0;255;24.37748896253386;5624.7760753550665;86730.41220991696;966.9918935566373;1.1147340503533592;50141930.0;851.1405908022161;0.24607975285317318;0.429234372539958;-0.001177720107734603;1.000119262489661;0.40577859917131065;0.06340408371688867;0.04532763302728181;0.0;0.5249986823376593;0.022780220899609967;0.45520960030936125;0.017359915255078934;-2.0181948930478972;2.346525997795501;0.020863051458716593;0.35120749231129667;1.129555967737738;0.3524930195573908;0.3524930195573844;0.5926935873660091;0.04494094057851805;7.276068095123304;32.3731038495807;1.0039370078740157;0.0;2192.805;438561.0;0.037395026005504366;24.124124124124123;9.79498861047836;0.2537024;439;999;23;77;244;402;/home/edouard/Documents/4 - Dossier CAMARA images tests/dataset/OK/photo question 30 masque + 3 quart comparatif final reco.png;OK
76.95868454661559;45.155802562222505;75;7;249;89.2282782092309;14.53052362707535;31.085307179741566;0;0;255;34.31373543256239;1478.721520077745;11067.672730346654;270.4809244282225;1.9433803408625743;1205173.0;228.57161759285856;0.1404967752634603;0.2536099807338123;0.03585417753056598;0.738187437447763;0.24328908029941199;0.06002061297969226;0.07040831266279102;0.002734601785857443;0.35188991053827373;0.05454823831933353;0.532476496503883;0.05557897028524559;-1.6642477465530061;1.6724211229948471;0.0769606263761955;0.4081648330891935;1.0475187420452108;0.408384319683548;0.40838431968354794;0.7142762697354532;0.10152423784423772;3.9647354168744253;28.82515959995814;1.4406779661016949;-18.728813559322035;78.3;15660.0;0;0;0;0.30884936;135;116;33;41;100;115;/home/edouard/Documents/4 - Dossier CAMARA images tests/dataset/OK/fala_chen_question_1.png;OK
93.46327985739751;84.22883791481165;72;1;255;125.81685824316953;12.402361853832442;34.43860244623999;0;0;255;36.603769177552806;2578.9120891727152;26529.12189342721;525.1994968648154;2.277229645806803;4194632.0;413.0533851251719;0.3106997067460839;0.3618225167945735;0.012859263516185509;0.9605588178643183;0.2850295578120162;0.08523385351201727;0.06689239693165676;0.0004162690923337007;0.4844185499953497;0.035917993281042324;0.472970436656295;0.02148584837917568;-1.7414775452247553;1.830145654754052;0.006135692954294223;0.39940392141449665;1.0979748336845674;0.400269288679762;0.40026928867976214;0.6947750331621227;0.07160126641061647;5.477078350672806;37.909026440574706;1.0408163265306123;-4.163265306122449;224.4;44880.0;0.09398395721925133;5.347593582887701;-14.583333333333334;0.44581243;240;187;78;73;120;127;/home/edouard/Documents/4 - Dossier CAMARA images tests/dataset/OK/photo question 7 bis.png;OK
126.97949965981054;82.70874590948502;107;0;255;151.54052257985512;10.25141571151934;31.417198966721816;0;0;255;33.047419188266005;6103.699041861565;93479.4648359006;1949.755651800377;2.6561921600372953;48523946.0;1891.4889429549469;0.3151725151536186;0.48341300781146396;0.020394778221798648;1.000773146895216;0.40126296844738313;0.07161314309207817;0.048728982326075705;1.0536712127723509e-08;0.5141826809889708;0.022757780955771748;0.4627523324593331;0.017102890676300646;-2.0035555684010706;2.3592956165748693;8.493166613046808e-14;0.33999595973766045;1.2289152196738151;0.34347065785297504;0.3434706578529738;0.5755009431780207;0.0408940410241853;7.6792065870951;31.83259905981842;1.0323886639676114;-7.22672064777328;1910.7;382140.0;0.053697597739048517;74.54545454545455;5.181347150259067;0.49818152;386;990;280;50;470;309;/home/edouard/Documents/4 - Dossier CAMARA images tests/dataset/OK/photo question 27 DAB comparatif final.png;OK
141.18027403747297;56.36290468067134;145;0;255;152.0152847622186;10.007508302749722;27.476309237584342;0;0;255;29.24205519023872;6695.522486153004;121613.75105076485;2559.6473736470434;2.4011539711143723;90631524.0;2096.2000672060344;0.2182187180391072;0.5186172388205866;0.010807476237120984;0.92806078860021;0.5191495848773746;0.05603957801685904;0.038832206392702184;1.4901161193847656e-08;0.45304019674531143;0.01885141812474559;0.4408459656654787;0.02089399204228995;-2.321763330484277;2.5763142598121718;0.03468951022616702;0.3218548748562432;1.1658027351012659;0.3237083096320788;0.32370830963207897;0.5397687648110013;0.030074935165068623;9.481791177382748;16.063893490073127;1.1805555555555556;-16.52777777777778;3209.78;641956.0;0.030632940575366537;-21.287128712871286;-6.828193832599119;0.44142437;454;1414;87;53;357;415;/home/edouard/Documents/4 - Dossier CAMARA images tests/dataset/OK/photo question 17 agression comparatif reco.png;OK
121.84510268532739;69.06512080001895;126;0;254;140.05791644715833;14.90002591072441;29.31301686499184;0;0;255;32.88257486675207;6304.036487281761;72000.27002009799;1822.2246776108627;4.5850568742158435;32447229.0;1592.793280969641;0.25206601935450995;0.4133340457955955;-0.0010074501385644388;0.9890694010992608;0.41528085204299103;0.055164735937132316;0.06330233745071331;0.0;0.49194289640324085;0.04445585301614547;0.620069004138311;0.006802304019047425;-2.278451969480362;2.1624959327043323;0.0018845689303692544;0.4106279460037903;1.2254668654993195;0.41471510095973463;0.4147151009597347;0.7299980313764964;0.14434229012215;2.8433992770172787;30.08335519574902;1.0159362549800797;0.0;1331.495;266299.0;0.17691392006729278;28.54122621564482;34.9911190053286;0.2705771;563;473;135;73;386;410;/home/edouard/Documents/4 - Dossier CAMARA images tests/dataset/OK/brad_pitt_question_4.jpg;OK
115.97963449593884;93.45601286754687;71;0;255;148.9473126944916;25.761884854276158;54.459827654631084;0;0;255;60.24572631662021;4445.854979696944;26891.92751551111;1846.3634610273075;9.095762004961475;3883926.0;1380.4493525147143;0.3382585470255955;0.44182036303363253;0.027164944810739722;1.0002754803176537;0.2838990235603245;0.10383355383781032;0.0939725401036146;1.8250120749944284e-08;0.4914835618142698;0.05551773144581727;0.5463190889260163;0.02641582973850802;-1.8944945677976233;2.06300793074995;0.0028949862180006948;0.357367866320494;1.3724123129558448;0.3655488131557304;0.3655488131557304;0.6186475686299625;0.07126133985559674;4.847388859707841;3.8781751071466886;1.0039370078740157;0.0;167.44;33488.0;0.1410953177257525;16.149068322981368;-3.3653846153846154;0.34664324;208;161;46;53;120;160;/home/edouard/Documents/4 - Dossier CAMARA images tests/dataset/OK/denzel_washington_question_3.jpg;OK
87.00803212851406;36.780373113949025;86;5;203;94.46265664948154;28.207374954362905;46.58149614929828;4;0;255;54.456329157620516;1231.0314123518074;6882.282736258596;483.2995164314884;4.973518110693766;476630.0;299.9065664496602;0.10292047253778895;0.29251809352920755;0.05775404810389475;0.6077025936420823;0.2891279805598076;0.04810807529495939;0.0949131727572585;0.015957544523848965;0.2958647431139814;0.08714026956233903;0.5995014447104842;0.09387475659107498;-1.8150586800969744;1.8201393393535281;0.1474345911402472;0.43535612803047863;1.2269047643558382;0.43973764902627405;0.43973764902627344;0.7969865853245479;0.16903150115579652;2.603714460055623;19.43796469154242;1.5;-18.0;27.39;5478.0;0.16976998904709747;28.78787878787879;9.63855421686747;0.4687724;83;66;26;28;50;62;/home/edouard/Documents/4 - Dossier CAMARA images tests/dataset/OK/brad_pitt_question_1.jpg;OK
91.96764705882353;24.74052665505627;93;30;190;95.23729188036523;11.548487394957982;27.331373026131317;0;0;255;29.671055131306705;870.3008867571745;10352.645235228998;280.186977186653;0.5925361666889779;1094415.0;147.5896935305319;0.09166143660236838;0.3593353226823321;0.12597570755925352;0.680355121935921;0.35523004707749956;0.048816236258293316;0.04850730383501385;0.002353481226533447;0.227886726048065;0.026979585530503933;0.5041826716276558;0.07117999386761648;-1.8429768923746956;1.9155297294035443;0.08376537701868447;0.3662721204758105;1.3771301170722239;0.3748231419233913;0.3748231419233913;0.6379164621898117;0.06316982078861702;5.67150348884705;15.687617989718746;2.217391304347826;-117.52173913043478;59.5;11900.0;0.10815126050420168;-7.0;-11.764705882352942;0.3975726;119;100;31;30;63;73;/home/edouard/Documents/4 - Dossier CAMARA images tests/dataset/OK/photo question 13 passe à la reco mais très mauvais résultats.png;OK
157.88228438228438;87.30031281668937;156;1;255;180.4110870752137;36.47036297036297;68.26246118593264;0;0;255;77.39412757019089;2017.5675716728385;13835.232997450175;732.4869765358997;10.466559463608204;948241.0;436.4011468194262;0.29318078092091354;0.5730508555212666;0.0674276499495702;1.0000031315924607;0.523781843972339;0.12350846763930573;0.1719424589459238;9.875389751837813e-06;0.49756008947366115;0.13707721766415568;0.5056865073983255;0.11162111577362514;-1.4927067566969814;1.5933756487079418;0.1594517701015264;0.44199521272448106;1.0756634578503192;0.4425801983187009;0.4425801983187;0.8051336569255775;0.13259940664230158;3.343269964115941;18.42529632225839;1.0240963855421688;-5.120481927710844;30.03;6006.0;0.11188811188811189;2.5641025641025643;-1.2987012987012987;0.25290316;77;78;23;14;55;58;/home/edouard/Documents/4 - Dossier CAMARA images tests/dataset/OK/photo anthropo peu de pixels.png;OK
112.6025235954146;62.6251860911547;96;35;230;128.8458080536874;5.699355936322761;20.147271022690404;0;0;215;20.93788880834546;1579.1339803576373;28586.291660026127;122.44787614006016;0.3561482667310733;5559636.999999998;162.6572817643227;0.23535024071289434;0.42961768101851733;0.08926112043732247;0.8365282182119154;0.3683651542810127;0.06663338262799406;0.04646313222498989;0.0005435833906816767;0.38153392064570835;0.0170851297770274;0.4318560194924979;0.03696820087522904;-1.5740795851620937;1.6729631896056851;0.05652379797500165;0.42568118989758946;0.9472616828965823;0.42599274351729666;0.4259927435172968;0.7591858890250878;0.07452115266693232;5.69127702776795;52.03289598683122;1.5;-63.0;246.87;49374.0;0;0;0;0.22539175;234;211;38;99;135;217;/home/edouard/Documents/4 - Dossier CAMARA images tests/dataset/OK/photo question 15 ter.png;OK
62.62563466379;55.35949864365866;55;0;255;83.58614841658719;6.010810859403092;18.685184796461765;0;0;255;19.628193448849135;5129.053237180575;62126.196736080405;2534.076823041912;2.000000000000341;34832378.0;1917.5805880130513;0.2000566474725606;0.21586263601821434;-1.9647822536341983e-05;0.9870910020912966;0.18428016294322216;0.031369210572264196;0.017933110208283833;0.0;0.4377674065496915;0.009738732191701231;0.42963762887611523;4.320438474636152e-06;-2.0712171229096246;2.459407654095107;-7.464582733186295e-06;0.3465201534180615;1.1021733396854176;0.34733296523913665;0.3473329652391336;0.5827895825020089;0.0347543835111667;9.195999105969532;35.24334068412824;1.0240963855421688;0.0;2781.0;556200.0;0.02403631787126933;-65.53398058252426;5.666666666666667;0.3704937;900;618;0;0;0;0;/home/edouard/Documents/4 - Dossier CAMARA images tests/dataset/OK/photo question 19 optimisée via windows images filtre zéké FOND NOIR.jpg;OK
93.18825887743414;83.2543018344664;83;0;255;124.9613154802402;11.19241695303551;33.39850463759947;0;0;255;35.224001891868426;4119.7500214016;36691.22511938191;1063.5274622063648;1.653178442572635;8135335.0;649.9071273697456;0.30203997495140267;0.35521741452068084;-0.0005510054512259822;1.0000051726248635;0.33896421280824107;0.07912131198703845;0.06252373921090128;0.0;0.4697349371214544;0.03187784048488623;0.42145523391373074;-0.007757703383131329;-2.2850842726453857;2.2585072455413506;0.0;0.29361840144064416;1.2762715793217758;0.2977570719351078;0.29775707193510786;0.4963952767778265;0.021853566416953418;11.287016265905715;44.504427358033894;1.0039370078740157;0.0;436.5;87300.0;0.2993127147766323;-0.8888888888888888;19.329896907216494;0.29038984;388;225;0;0;0;0;/home/edouard/Documents/4 - Dossier CAMARA images tests/dataset/OK/D-3 Photo recadrée sur laquelle un fond noir est appliqué.png;OK
109.56566011235955;89.88957627062099;78;0;255;141.72074582773294;12.253538245462403;31.909011942089403;0;0;255;34.180904649429834;2471.9414285094763;27157.098935159076;361.7697778693307;0.7357223911658956;4056559.0;336.4483133115012;0.33837356159106785;0.41555849061137323;0.011404319984324954;0.9854651687485704;0.29333694701755203;0.08180184536180563;0.06866550676956505;0.0006124285558898238;0.48905644950895677;0.0418535840655576;0.4894356698231539;0.02640024043280762;-1.765189039224898;1.9794757828539271;0.0283776154586264;0.39665795546290233;1.1626345078321116;0.39886349030053253;0.3988634903005324;0.6914681402491671;0.07763128415376085;5.028239362615407;14.81731080765698;1.0240963855421688;-2.0481927710843375;185.12;37024.0;0;0;0;0.27833277;208;178;50;46;133;159;/home/edouard/Documents/4 - Dossier CAMARA images tests/dataset/OK/denzel_washington_question_1.jpg;OK
136.62654545454546;52.70736178417522;140;0;243;146.4407009990423;16.33969696969697;37.73636056907293;0;0;255;41.12199662055098;2419.1030318187636;32491.06718040276;970.0790710395008;6.262504110490909;6763014.0;630.5139561458714;0.18120673922120473;0.49753081357708356;0.001657183397850619;0.8479795599462872;0.5041099276160819;0.07608344647400289;0.06463449010859233;2.2775390261538124e-06;0.4190887947846586;0.04031339525945849;0.5187139329324452;0.05129952265726653;-2.056442559149675;2.2736108218366584;0.09126319599115039;0.3860357060111805;1.1421970563386243;0.3877143294761988;0.3877143294761987;0.6659499549517098;0.07896048045033058;4.758069304308732;8.666747671717502;1.1643835616438356;0.0;247.5;49500.0;0.18238383838383837;-6.666666666666667;-1.8181818181818181;0.4132054;275;180;0;0;0;0;/home/edouard/Documents/4 - Dossier CAMARA images tests/dataset/OK/i2_2.png;OK
90.11475627926778;63.421189159140674;88;0;255;110.19490248478526;18.647882077479778;46.11599477652793;0;0;255;49.743627533628285;5024.582933423147;29791.144931760384;2921.428570900458;9.85854166301991;6773746.0;2256.3375221456818;0.21623572754656983;0.3204955815829004;-0.0004602467550400997;0.9499720582736435;0.31006725266028384;0.06836807178115029;0.06123552875026065;0.0;0.4412209589089727;0.04110962066443955;0.540107368836669;0.009221798128777017;-2.0795978279495455;2.2177579196870916;0.0;0.34649817120478626;1.3945037591949654;0.3551709505444081;0.3551709505443982;0.5979105816331214;0.06479511852221037;5.105437615405193;10.967370007426979;1.0805084745762712;0.0;375.84;75168.0;0;0;0;0.3097671;288;261;47;61;208;281;/home/edouard/Documents/4 - Dossier CAMARA images tests/dataset/OK/photo lunettes passe a la reco GRACE au fond noir.png;OK
121.44424572882588;66.63941849116863;131;1;212;138.5262318749938;7.156037804434751;20.27105095454883;0;0;255;21.497078495935543;2572.078503990579;51311.816028759975;384.19477122906335;1.632072978711159;16704656.0;314.96508071526677;0.25344628727849394;0.45230454228078615;0.014204291773125773;0.7892639973757735;0.4672269123615214;0.05817082275206187;0.03922702360005452;0.0012568868262486633;0.3820411245561307;0.01961314974318816;0.488018546640321;0.028877206916753845;-2.0206688782739577;1.7820240017525013;0.05094833213275166;0.40533152393360705;1.0149416236169861;0.4053538087667398;0.40535380876673943;0.706910086704415;0.0798986355212869;4.989811882872699;32.807289611194136;1.3010204081632653;-7.8061224489795915;687.75;137550.0;0;0;0;0.3881232;393;350;43;46;244;333;/home/edouard/Documents/4 - Dossier CAMARA images tests/dataset/OK/i3_1.png;OK
64.1643569264981;48.374086408116604;48;1;208;80.35618791114334;4.227715735749677;16.69760477776319;0;0;255;17.224505382062077;3966.79206859983;67013.25890959558;571.4089218146341;0.5721542798004736;44781202.99999999;546.8564107463668;0.18225865212664497;0.24881296221073995;0.010933982068498256;0.7409013586024138;0.18481331550398883;0.039218384891902124;0.024331279029293097;1.862645149230957e-09;0.33862016309717513;0.011851914055268174;0.40626968280514225;0.009799951258929494;-1.8704457730151585;2.212756288952749;0.0;0.311405991972395;1.2206666069587992;0.3143913000962697;0.3143913000962703;0.5237633906735025;0.022355383483839888;12.139718633939196;47.71556543505389;1.4912280701754386;-11.929824561403509;3489.57;697914.0;0.046630387125061255;65.59934318555008;-7.329842931937173;0.38125214;573;1218;508;106;776;444;/home/edouard/Documents/4 - Dossier CAMARA images tests/dataset/OK/photo question 31 SR comparatif final reco.png;OK
81.52148775002959;71.005678792248;96;0;253;108.10901620922337;14.337525150905433;36.81486184768797;0;0;255;39.50821028997893;4838.691969078929;44176.36070375617;2449.3086301398416;3.2291253732777867;13775501.0;1814.9964403714794;0.24186194540296224;0.28345092820971374;-0.0004989205613286108;0.920479273379222;0.3260686783603113;0.04547399209948019;0.04149235394090523;0.0;0.3431404830536728;0.03352871790395466;0.5116417287020631;-0.0006791378644639854;-2.1906786230097324;2.5155185869134784;0.0;0.28675237777262075;1.476940706016567;0.29627101806773726;0.2962710180677377;0.4940210582259008;0.02935338341046389;8.327818853605356;26.80916859275723;1.1643835616438356;0.0;844.9;168980.0;0.29673334122381345;-10.422535211267606;34.45378151260504;0.431468;476;355;0;0;0;0;/home/edouard/Documents/4 - Dossier CAMARA images tests/dataset/OK/vieux à lunettes sur fond noir.png;OK
113.38641678501497;54.8467014958984;127;2;231;125.95491326790436;8.19611926885346;20.255422815942584;0;0;255;21.85082434421819;3657.789247592038;69452.18920826183;878.7205385573279;0.5733743916667133;34570498.0;615.3496702721271;0.2087090680260997;0.4105052538207549;0.032371769023023654;0.7969447092103922;0.43272823956083006;0.04829746700264801;0.03548103355229594;0.001974344810783388;0.3874834483541526;0.017231735608269703;0.5201979159830409;0.016690465131025664;-2.0883721550054855;2.22283988707644;0.023196308955220218;0.39338822058723805;1.1585178180844085;0.39547581348451816;0.3954758134845179;0.6835830067056744;0.08417304942871963;4.585098814328338;22.930443880194588;1.401098901098901;-14.010989010989011;1524.455;304891.0;0.030532222991167337;-85.14190317195326;31.827111984282908;0.475228;509;599;0;0;0;0;/home/edouard/Documents/4 - Dossier CAMARA images tests/dataset/OK/photo question 24 anthropo masque cadre different.png;OK
97.71821862348177;35.390264221746044;82;45;248;103.9294041772182;27.273481781376518;42.28269888168568;2;0;255;50.31569768172136;920.1804265569111;7246.502189510574;241.68709391614317;1.3333603977184874;482728.0;120.56697845780783;0.1078632022095911;0.36846419223461596;0.1343683175739387;0.6757915167235856;0.32821349050757187;0.07105417932220427;0.10127314859187497;0.01809620556715554;0.33131490383920287;0.08275752459415746;0.6559593840067477;0.09912597295506276;-1.961837809437232;1.8121358617153427;0.11952680531250176;0.4685692057605468;1.397692591573596;0.4804431046763379;0.48044310467633783;0.9263017021731105;0.2659534918677024;1.814193483836616;31.437361708095494;1.4739884393063585;-79.59537572254335;24.7;4940.0;0.04129554655870445;10.526315789473685;-29.23076923076923;0.40030035;65;76;0;0;0;0;/home/edouard/Documents/4 - Dossier CAMARA images tests/dataset/OK/photo question 12 recadrée passe à la reco mais très mauvais résultats.png;OK
91.5753404481907;57.84508564611226;73;6;255;108.31480467419075;5.362832234382435;19.056048580703624;0;0;255;19.796286446812896;3954.598559686805;64238.16789286352;804.5686800770211;1.9383092241377966;32331956.0;671.6465234935163;0.22102086161679016;0.3506621345633707;0.034729635443452395;1.000003037161531;0.27472349762978077;0.047252636675850945;0.032783674127325434;1.8250120749944284e-08;0.4697354753627135;0.015157702438521582;0.40346041937124405;0.01728771682019702;-1.9655062011688735;2.258007590670678;0.015069074436226206;0.3247896928782992;1.1661141704927627;0.3266664068562932;0.32666640685629317;0.5449587365684296;0.02667114303917329;10.855173301712345;34.12415509816182;1.0714285714285714;-17.142857142857142;1765.32;353064.0;0.050121224480547434;-9.052183173588924;1.5957446808510638;0.46887806;376;939;782;84;876;205;/home/edouard/Documents/4 - Dossier CAMARA images tests/dataset/OK/photo question 18 comparatif final reco.png;OK
82.37087230387479;48.72905959520676;65;15;255;95.70518195549528;5.846440160335942;22.214353081472318;0;0;255;22.970815078632008;2588.5093097557165;36563.94852246278;487.9018021266734;1.0566821086137892;12083148.0;647.7732151772352;0.1749340732473198;0.30621086254709085;0.08672590275801365;0.7668977137134736;0.243197989586247;0.05439812422457296;0.03839238882735117;0.0013208616465495682;0.42240351595810355;0.015173184743913394;0.398237135891635;0.01866219395375967;-1.8115155210781437;1.7463482921778284;0.017372728937164933;0.3986244906681426;1.1914130816775756;0.4015970520900503;0.40159705209005025;0.6979173825208146;0.05287354961215251;7.449387503322541;60.72525726139369;1.457142857142857;-33.51428571428571;733.46;146692.0;0;0;0;0.42618176;364;403;135;91;230;219;/home/edouard/Documents/4 - Dossier CAMARA images tests/dataset/OK/photo question 6 bis.png;OK
79.81451329378159;64.92396677286646;97;0;236;102.8857521421091;8.314062843331136;28.648127088322024;0;0;255;29.830166386252515;4114.564762631227;30766.224399723043;2112.740252099283;5.371357814006736;7264717.0;1537.7185516745337;0.23098323725027553;0.29684577034311815;-0.0010381624487635335;0.8067187934581049;0.3561507037340685;0.06561864496597673;0.03620327489182771;0.0;0.45465750360235024;0.01658273015059865;0.43121327140956106;-0.006552004876084843;-1.8966828108019984;2.342268794428573;0.0;0.27699940763017167;1.4235899252070194;0.28472341287763214;0.28472341287763187;0.4759417353139743;0.018002183763333762;12.625068747473485;39.72600278354568;1.191588785046729;0.0;455.1;91020.0;0.16367831245880027;-1.2195121951219512;-6.216216216216216;0.43339187;370;246;0;0;0;0;/home/edouard/Documents/4 - Dossier CAMARA images tests/dataset/OK/problème de flou lumineux fond  noir appliqué.png;OK
61.37111530134786;39.5857961947658;52;0;210;73.03046661294769;16.087087087087088;38.75746868354108;0;0;255;41.9635049740032;1557.9093129503485;8598.986892222976;648.9928790823724;6.111468560743041;878773.0;439.19087875907707;0.12094003563450424;0.21163865151780564;0.009582330882767805;0.6705814283243828;0.1824482508551866;0.05406121524603304;0.05963058353665235;5.165680881464027e-06;0.24628549398902194;0.04555859051230021;0.4902275223774328;0.06289170936005119;-1.63650725636628;2.084144954825608;0.0899770985441965;0.32504858686583493;0.9986159061349345;0.3250487427564842;0.32504874275648465;0.5421139220817963;0.03866480760372156;7.4263710188072665;16.435264774020396;1.401098901098901;-2.802197802197802;71.595;14319.0;0.15643550527271458;-26.126126126126128;3.875968992248062;0.3572768;129;111;19;34;71;104;/home/edouard/Documents/4 - Dossier CAMARA images tests/dataset/OK/jet_li_question_1.jpg;OK
